Titulo,Empresa,Descripcion,Distrito,Modalidad,Salario,Link
Backend Java - Sector bancario,,"Descripción del puesto En Experis Perú buscamos al mejor talento para sumarse a los desafíos de la era digital y llevar su carrera a un siguiente nivel. Por ello, te invitamos a que formes parte del reto como BACKEND JAVA en el rubro Bancario: BACKEND JAVA Requisitos para postular al cargo: Profesional de las carreras de Ingeniería de sistemas, informática o afines. Experiencia mayor a 5 años en Java y Spring Boot Experiencia mayor a 4 años en Oracle, MySQL y PostgreSQL Experiencia en programaci...","Sector bancario EXPERIS PERÚ Detalle del empleo La empresa Empleos relacionados Actualizado hace 6 días Lima, Lima",Remoto,,https://www.bumeran.com.pe/empleos/backend-java-sector-bancario-experis-peru-1117965923.html
Analista Senior de Automatizaciones e Inteligencia Artificial - Hibrido,,"Descripción del puesto En Cibergestión Perú , empresa de servicios BPO presente en 7 países y con atención a las principales entidades financieras, se encuentra en la búsqueda del mejor talento 💪 para ocupar el puesto de Analista Senior de Automatizaciones e Inteligencia Artificial Misión: Diseñar, desarrollar y mantener soluciones de automatización e inteligencia artificial que mejoren la eficiencia de los procesos internos y productos de software, contribuyendo a la innovación tecnológica de l...","7 Detalle del empleo La empresa Empleos relacionados Actualizado hace 7 días San Isidro, Lima",Remoto,,https://www.bumeran.com.pe/empleos/analista-senior-de-automatizaciones-e-inteligencia-artificial-hibrido-cibergestion-peru-1117964801.html
Programador,,"Descripción del puesto ¿Cuáles serán mis desafíos? Planificar y programar las operaciones de transporte y abastecimiento de productos a nivel nacional. Coordinar la disponibilidad operativa de las unidades en función de la demanda de los clientes y la capacidad de atención. Asegurar la continuidad del suministro de productos en distintas regiones del país, priorizando las zonas críticas para garantizar la cobertura oportuna. Gestionar la programación bajo criterios de seguridad y eficiencia, man...","Programador Confidencial Detalle del empleo La empresa Empleos relacionados Actualizado hace 5 días Lima, Lima",Remoto,,https://www.bumeran.com.pe/empleos/programador-1117960615.html
Desarrollador Fullstack (Java/Js) - Remoto,,"Descripción del puesto Protiviti Perú se encuentra en la búsqueda de un Desarrollador Fullstack especializado en microservicios para un cliente del sector retail farmacéutico . Responsabilidades clave: Desarrollar aplicaciones basadas en microservicios utilizando Java (Hibernate y Spring Boot) y Angular . Implementar soluciones siguiendo arquitectura hexagonal para garantizar modularidad y mantenibilidad. Diseñar, desarrollar y consumir APIs RESTful/APIs REST JSON para integrar los microservicio...","3 Detalle del empleo La empresa Empleos relacionados Actualizado hace 8 días Lima, Lima",Remoto,,https://www.bumeran.com.pe/empleos/desarrollador-fullstack-java-js-remoto-protiviti-peru-1117966558.html
Analista de Programación RPG,,"Descripción del puesto ¡ Somos Izipay ! La red multimarca más grande del país, ¡estamos revolucionando el mercado de pagos! Con la meta de hacer crecer por x4 nuestro número de comercios atendidos, necesitamos reforzar nuestro equipo con personas como tú. ¡Ven a sumarte a este desafío como Analista de Programación ¿Cuáles serán tus responsabilidades? Diseñar, programar, probar e implementar soluciones que optimicen los procesos del área. Diagnosticar y corregir problemas en los sistemas existent...","3 Detalle del empleo La empresa Empleos relacionados Actualizado hace 6 días Miraflores, Lima",Remoto,,https://www.bumeran.com.pe/empleos/analista-de-programacion-rpg-izipay-1117080379.html
Programador,,"Descripción del puesto Estamos en búsqueda de un Programador Full Stack para integrarse a nuestro equipo y participar en uno de nuestros próximos proyectos. Lo que buscamos de ti Principales responsabilidades: Implementar interfaces dinámicas y atractivas con JavaScript e integraciones con APIs REST. Construir y mantener el backend con Node.js y Express, incluyendo el manejo de colas y servicios en tiempo real mediante WebSockets. Diseñar, optimizar y mantener SQL Server, con experiencia en cons...","C Alta revisión de perfiles Detalle del empleo La empresa Empleos relacionados Postulación rápida Actualizado hace 4 horas Miraflores, Lima",Remoto,,https://www.bumeran.com.pe/empleos/programador-ologgi-s.a.c-1117973857.html
Analista Programador Postgre/Oracle/Híbrido,,"Descripción del puesto Por encargo de nuestro cliente, importante empresa líder en finanzas, nos encontramos encuentra en búsqueda de: (1) Analista Programador Postgre/Oracle Requisitos Universitario de Ingeniería de Sistemas, Informática, o afines Experiencia de 3 años en puestos similares como mínimo Experiencia realizando labores de Analista de Sistemas Desarrollador Oracle (PL/SQL) nivel avanzado, store procedures, funciones, packages Desarrollador BD PostgreSQL nivel avanzado Experiencia re...","Híbrido Green Solutions Detalle del empleo La empresa Empleos relacionados Actualizado hace 6 días San Borja, Lima",Remoto,,https://www.bumeran.com.pe/empleos/analista-programador-postgre-oracle-hibrido-green-solutions-1117962598.html
Desarrollador Backend,,"Descripción del puesto Actualmente nos encontramos en búsqueda de 01 Desarrollado Backend para que se integre a nuestro equipo. Profesional en Ingeniería de Sistemas, Computación, Informática o carreras afines. Experiencia mínima de 4 a 5 años en desarrollo con Python, Node.js .Net Lenguajes: Python (3.x) , JavaScript/TypeScript (Node.js LTS) y C# .Net Frameworks: FastAPI o Flask; Express/NestJS. AWS: S3, Lambda, API Gateway/ALB, Step Functions o EventBridge, CloudWatch, IAM; deseable ECS/Fargat...","2 Detalle del empleo La empresa Empleos relacionados Actualizado ayer El Agustino, Lima",Remoto,,https://www.bumeran.com.pe/empleos/desarrollador-backend-inetum-peru-1117968206.html
PROGRAMADOR WEB Y MOVIL,,"Descripción del puesto En Experis Perú , nos encontramos en la búsqueda del mejor talento para sumarse a los desafíos de la transformación digital en el sector de producción. Por ello, te invitamos a formar parte del reto como: Programador de Sistemas Requisitos para el puesto: Egresado o bachiller en Ingeniería de Sistemas o carreras afines. (Indispensable) Experiencia mínima de 2 años en roles similares. Desarrollo de aplicaciones Web y Movil (backend, frontend) en empresas del sector comercia...","8 Detalle del empleo La empresa Empleos relacionados Actualizado ayer San Isidro, Lima",Remoto,,https://www.bumeran.com.pe/empleos/programador-web-y-movil-manpowergroup-peru-1117958854.html
Analista Programador Java,,"Descripción del puesto Analista Programador Java Resumen del Puesto Estamos buscando un Analista Programador Java con experiencia para unirse a nuestro equipo. El candidato ideal tendrá un sólido conocimiento de Java y experiencia en el desarrollo de aplicaciones. Buscamos una persona con disponibilidad para trabajar y colaborar en proyectos desafiantes. Responsabilidades Diseñar, desarrollar y mantener aplicaciones utilizando Java. Analizar los requisitos del sistema y diseñar soluciones eficie...","Analista Programador Java Confidencial Alta revisión de perfiles Detalle del empleo La empresa Empleos relacionados Postulación rápida Actualizado hace 1 hora Lima, Lima",Remoto,,https://www.bumeran.com.pe/empleos/analista-programador-java-1117972678.html
Desarrollador Python Odoo,,"Descripción del puesto 🚀 Desarrollador Python Odoo Modalidad: Presencial Horario: Lunes a Viernes (9:00 am – 6:00 pm) 🎓 Requisitos académicos Bachiller o título universitario en Ingeniería de Software, Ciencias de la Computación, Sistemas o afines . Deseable: certificaciones en Odoo, Python o Cloud . 💻 Conocimientos indispensables Python avanzado para Odoo (ORM, herencia de modelos, decoradores, contextos). Framework Odoo (módulos, vistas XML, QWeb, seguridad). PostgreSQL (optimización y gestión...","Detalle del empleo La empresa Empleos relacionados Múltiples vacantes Actualizado hace 11 días Lima, Lima",Remoto,S/1250,https://www.bumeran.com.pe/empleos/desarrollador-python-odoo-ibr-peru-s.a.-1117961539.html
Desarrollador Backend JavaScript senior - REMOTO,,"Descripción del puesto CSTI Corp es una empresa peruana líder en la industria TI con más de 15 años en el mercado en países como Perú, Ecuador, Colombia, Costa Rica y Estados Unidos. Ofrece soluciones de negocios en las líneas de Outsourcing, Licenciamientos SAP y Microsoft, soporte y mejora de aplicaciones, así como implementación y migración de sistemas bajo estrategias Cloud, aprovechando su alianza con marcas como Amazon, Azure, Huawei Cloud y Google Cloud. Nos encontramos en la búsqueda de ...","7 Detalle del empleo La empresa Empleos relacionados Actualizado ayer Lima, Lima",Remoto,,https://www.bumeran.com.pe/empleos/desarrollador-backend-javascript-senior-remoto-csti-corp-1117970346.html
Soporte Jr de Aplicaciones (Linux/PLSQL),,"Descripción del puesto Somos una empresa de Soluciones Digitales y Servicios de TI con 30 años de experiencia en el mercado. Contamos con más de 8 mil colaboradores en Latinoamérica, Estados Unidos y Europa. Te invitamos a ser parte de nuestro equipo ocupando el cargo de: Analista de Soporte de Aplicaciones Requisitos indispensables: Profesionales de Ingeniería de Sistemas, Informática, o carreras afines. Conocimiento en programación PL SQL Oracle, .NET, Java, Shell scripts, unix/ linux MS Offic...","2 Detalle del empleo La empresa Empleos relacionados Actualizado hace 8 días La Victoria, Lima",Remoto,,https://www.bumeran.com.pe/empleos/soporte-jr-de-aplicaciones-linux-plsql-hitss-peru-1117963093.html
Analista Programador,,"Descripción del puesto REQUISITOS: ü Profesional bachiller o egresado de Ingeniería de sistema,Informática ü con amplio compromiso responsabilidad ü Edad 26 - 40 años EXPERIENCIA LABORAL: ü Contar con 3 años como mínimo Analista Programador de sistemas informáticos en .NET y JAVA (desarrollador) ü Experiencia en desarrollo Front End con sólidas habilidades en JavaScript, ü Haber laborado en empresas de rubro industriales y Servicios Hospitalarios.( clínicas , MINSA), ü Conocimientos Funcional de...","2 Detalle del empleo La empresa Empleos relacionados Actualizado ayer Lima, Lima",Híbrido,,https://www.bumeran.com.pe/empleos/analista-programador-clinica-vesalio-s.a.-1117966201.html
Programador BMS,,"Descripción del puesto Indra es una compañía global de consultoría y tecnología, con presencia en los 5 continentes y más de 40.000 profesionales. Trabajarás en un entorno de soluciones y servicios innovadores para nuestros clientes en los principales sectores de actividad, aportándoles valor añadido. Participarás de la transformación de los negocios trabajando con profesionales de referencia. Buscamos Programador BMS con ganas de trabajar en nuestros equipos multidisciplinares. Requisitos: Expe...","9 Detalle del empleo La empresa Empleos relacionados Múltiples vacantes Actualizado ayer Lima, Lima",Remoto,,https://www.bumeran.com.pe/empleos/programador-bms-indra-peru-1117973221.html
Desarrollador Java Senior (Azure) - Temporal,,"Descripción del puesto More digital. More human. More Minsait. Somos una empresa líder global de tecnología y consultoría digital que conecta personas, tecnología y negocios para generar crecimiento, transformación e impacto positivo y sostenible. Buscamos Desarrollador Java Senior (Azure) - Temporal con ganas de trabajar en nuestros equipos multidisciplinares. ¿Cuál es el reto que te proponemos? Estarás en contacto continuo con las novedades tecnológicas, impulsando la transformación digital. P...","9 Detalle del empleo La empresa Empleos relacionados Múltiples vacantes Nuevo Publicado hace 50 minutos Lima, Lima",Remoto,,https://www.bumeran.com.pe/empleos/desarrollador-java-senior-azure-temporal-indra-peru-1117978869.html
Desarrollador Backend JavaScript senior,,"Descripción del puesto CSTI Corp es una empresa peruana líder en la industria TI con más de 15 años en el mercado en países como Perú, Ecuador, Colombia, Costa Rica y Estados Unidos. Ofrece soluciones de negocios en las líneas de Outsourcing, Licenciamientos SAP y Microsoft, soporte y mejora de aplicaciones, así como implementación y migración de sistemas bajo estrategias Cloud, aprovechando su alianza con marcas como Amazon, Azure, Huawei Cloud y Google Cloud. Nos encontramos en la búsqueda de ...","7 Detalle del empleo La empresa Empleos relacionados Actualizado ayer Lima, Lima",Remoto,,https://www.bumeran.com.pe/empleos/desarrollador-backend-javascript-senior-csti-corp-1117961392.html
ANALISTA PROGRAMADOR DE TI,,"Descripción del puesto Propósito: · Responsable del desarrollo y documentación de las nuevas implementaciones, mejoras y reportes en los sistemas de información de SOP, incluye interfases de comunicación, bases de datos e infraestructura, basadas en arquitecturas.Net (C#), X++, etc. (en entornos Windows /Web), JavaScript, de preferencia con conocimiento de reportes en PowerBI, conocimientos de PowerAPPs y su integración con base de datos MS-SQL, conexiones AZURE e integración con herramientas de...","Alta revisión de perfiles Detalle del empleo La empresa Empleos relacionados Actualizado hace 2 horas San Isidro, Lima",Híbrido,,https://www.bumeran.com.pe/empleos/analista-programador-de-ti-seaboard-overseas-peru-s.a.-1117970924.html
"Programador RPA Rocketbot, UiPath",,"Descripción del puesto En Valtx , empresa con 24 años de experiencia en el mercado peruano, cuyo objetivo principal es convertirse en un socio estratégico, mediante soluciones tecnológicas en los diversos aspectos de los procesos de negocios; el desarrollo, implementación y mantenimiento de aplicaciones e infraestructura tecnológica para el negocio; y consultoría en diversos procesos de transformación, nos encontramos en la búsqueda de un Programador RPA Analizar y documentar procesos de negocio...","UiPath Valtx Detalle del empleo La empresa Empleos relacionados Actualizado hace 5 días San Borja, Lima",Remoto,,https://www.bumeran.com.pe/empleos/programador-rpa-rocketbot-uipath-valtx-1117968630.html
Analista programador,,"Descripción del puesto Nos encontramos en la búsqueda de un: Analista Programador Bachiller en ingenieria de sistemas o afines Experiencia mayor a 4 años como programador Experiencia manejando Java, JavaScript, NestJs Experiencia trabajando en entornos agiles Deseble conocimiento en desarrollo de aplicaciones moviles Beneficios: Desarrollo profesional pertenecer a una empresa solida Híbrido Programación Full-time, Temporal Senior 5 vacantes disponibles El contenido de este aviso es propiedad del...","Analista programador Confidencial Detalle del empleo La empresa Empleos relacionados Múltiples vacantes Actualizado hace 5 días Lima, Lima",Híbrido,,https://www.bumeran.com.pe/empleos/analista-programador-1117964091.html
ANALISTA PROGRAMADOR VB6,,"Descripción del puesto Somos Real Systems, tenemos 30 años de experiencia en el negocio de software empresarial y consultoría. Hemos implementado exitosamente soluciones en empresas de todos los sectores y giros de negocio. Contamos con un sistema de gestión de calidad basado en ISO 9001. Ofrecemos las soluciones de software para empresas, de acuerdo a la normativa y realidad nacional, con visión global. Nos encontramos en búsqueda de un ANALISTA PROGRAMADOR VB6. MISIÓN DEL PUESTO: Diseñar, codi...","ANALISTA PROGRAMADOR VB6 REAL SYSTEMS S A Detalle del empleo La empresa Empleos relacionados Múltiples vacantes Publicado hace 11 días San Isidro, Lima",Remoto,,https://www.bumeran.com.pe/empleos/analista-programador-vb6-real-systems-s-a-1117886662.html
Desarrollador Fullstack,,"Descripción del puesto Nos encontramos en búsqueda de un Desarrollador que tendrá como principales funciones: Diseño y desarrollo de aplicaciones de software internas. Entender y documentar los requisitos del negocio, traduciéndolos en especificaciones técnicas para el desarrollo de soluciones de software. Atender requerimientos e incidentes relacionados al desarrollo de aplicaciones Web. Diseñar, implementar y mantener bases de datos, asegurando su integridad, rendimiento y seguridad. Pruebas y...","Desarrollador Fullstack Confidencial Detalle del empleo La empresa Empleos relacionados Postulación rápida Publicado ayer San Isidro, Lima",Remoto,,https://www.bumeran.com.pe/empleos/desarrollador-fullstack-1117976482.html
Analista Programador FRONTEND - Angular,,"Descripción del puesto Somos Canvia, formamos parte del portafolio de Advent International y contamos con 34 años de presencia en el mercado local. Nuestro propósito es hacer más fácil la vida de las personas, innovando e implementando proyectos de transformación digital de nuestros clientes de manera ágil y segura. ¡Reinventa el futuro con Canvia! Si sientes pasión por la tecnología y quieres transformar negocios, esta es tu oportunidad para desarrollarte en una empresa inclusiva, diversa, que ...","5 Detalle del empleo La empresa Empleos relacionados Actualizado hace 5 días Lima, Lima",Híbrido,,https://www.bumeran.com.pe/empleos/analista-programador-frontend-angular-canvia-1117960612.html
Consultor SAP BTP - Proyecto de 4 meses - Remoto,,"Descripción del puesto Se busca un consultor con sólida experiencia en SAP BTP y HANA , capaz de dar soporte y administración en entornos complejos, gestionar integraciones a través de CPI e Integration Suite, y participar en desarrollos bajo ASP.NET y .NET Core . El perfil debe contar además con conocimientos en Microsoft Azure para administrar aplicaciones desplegadas en la nube, aportando una visión integral en proyectos de transformación digital. Funciones principales Brindar soporte y admin...","3 Detalle del empleo La empresa Empleos relacionados Actualizado hace 11 días Lima, Lima",Remoto,,https://www.bumeran.com.pe/empleos/consultor-sap-btp-proyecto-de-4-meses-remoto-protiviti-peru-1117961136.html
Analista Programador Full Stack,,"Descripción del puesto En UTEC - Universidad de Ingeniería y Tecnología nos encontramos en búsqueda de un Analista Programador Full Stack ¿Cuáles serán tus retos? Trabajar en conjunto con equipos multidisciplinarios para garantizar la coherencia tecnológica y funcional de los proyectos. Análisis y diseño de soluciones Mantenimiento a aplicaciones inhouse Creación y mantenimiento de modelo de datos Pruebas unitarias y funcionales ¿Qué buscamos? Experiencia en desarrollo con Java (Spring Boot), Re...","3 Detalle del empleo La empresa Empleos relacionados Actualizado ayer Barranco, Lima",Remoto,,https://www.bumeran.com.pe/empleos/analista-programador-full-stack-universidad-de-ingenieria-y-tecnologia-utec-1117961694.html
Desarrollador de Sistemas,,"Descripción del puesto En Intelitech Perú, buscamos profesionales apasionados por la tecnología, con experiencia en desarrollo de software y ganas de trabajar en proyectos desafiantes. ✅ Requisitos principales: 📌 Experiencia de 3 a 5 añosen: Desarrollo de aplicaciones o Programación de software o Soluciones de software o Implementación de proyectos TI. 📌 Formación: Bachiller o Título Técnico en: Ingeniería de Sistemas y/o Software y/o Computación e Informática. 📌 Capacitación: En alguno de los s...","Detalle del empleo La empresa Empleos relacionados Actualizado hace 3 días Lima, Lima",Híbrido,,https://www.bumeran.com.pe/empleos/desarrollador-de-sistemas-intelitech-peru-s.a.c.-1117964390.html
Mid Node AWS Engineer,,"Descripción del puesto Información Importante Ubicación: Perú Modalidad de trabajo: Híbrido, asistencia a oficina en Miraflores 2-3 veces por semana Resumen del puesto Como un Mid Node AWS Developer (17274) , formarás parte de un equipo tecnológico y ágil altamente calificado por respaldar y desarrollar soluciones de vanguardia para cumplir con los requisitos de nuestro negocio. Nos ayudará a acelerar los resultados empresariales de nuestros clientes mediante la innovación de productos digitales...","Mid Node AWS Engineer Encora Detalle del empleo La empresa Empleos relacionados Actualizado hace 6 días Miraflores, Lima",Remoto,,https://www.bumeran.com.pe/empleos/mid-node-aws-engineer-encora-1117969139.html
Desarrollador Mobile React Native,,"Descripción del puesto Somos Fractal Soluciones TI , una empresa peruana de consultoría en Gestión de Tecnología de la Información con más de 11 años en el mercado y con más de 70 clientes que confían en nosotros. Nos encontramos en búsqueda de un talento para el cargo de un Desarrollador Mobile React Native para colaborar en modalidad híbrida con uno de nuestros clientes del sector bancario para un proyecto de 3 meses con el siguiente perfil: Requisitos Formación Universitaria culminada en Inge...","Desarrollador Mobile React Native FRACTAL SOLUCIONES IT Alta revisión de perfiles Detalle del empleo La empresa Empleos relacionados Actualizado hace 7 horas San Isidro, Lima",Remoto,,https://www.bumeran.com.pe/empleos/desarrollador-mobile-react-native-fractal-soluciones-it-1117974334.html
Desarrollador Full Stack,,"Descripción del puesto ¡Hola talentos! Somos un holding empresarial destacado en el sector salud en Perú, ofrecemos servicios médicos de excelencia con soluciones innovadoras y tecnología avanzada. Con una amplia red de centros médicos y una sólida presencia en el mercado, nos destacamos por nuestra inclusión y mejora continua. ¡Forma parte de nuestro gran equipo y transforma el cuidado de la salud en el país como Desarrollador Full Stack ! Requisitos: Egresados de la carrera de Ing. De Sistemas...","Desarrollador Full Stack Grupo Red Salud Detalle del empleo La empresa Empleos relacionados Actualizado ayer Miraflores, Lima",Remoto,,https://www.bumeran.com.pe/empleos/desarrollador-full-stack-grupo-red-salud-1117971064.html
Desarrollador FrontEnd Senior,,"Descripción del puesto Somos Canvia, formamos parte del portafolio de Advent International y contamos con 34 años de presencia en el mercado local. Nuestro propósito es hacer más fácil la vida de las personas, innovando e implementando proyectos de transformación digital de nuestros clientes de manera ágil y segura. ¡Reinventa el futuro con Canvia! Si sientes pasión por la tecnología y quieres transformar negocios, esta es tu oportunidad para desarrollarte en una empresa inclusiva, diversa, que ...","5 Detalle del empleo La empresa Empleos relacionados Actualizado hace 8 días Lima, Lima",Híbrido,,https://www.bumeran.com.pe/empleos/desarrollador-frontend-senior-canvia-1117964197.html
Trainee Programador Jr,,"Descripción del puesto Perfil de Desarrollador/ Programador Junior Requisitos: Carreras universitarias sistemas a fines. (Egresado - Bachiller) Programación en Java, .NET u otros. Alta capacidad analítica Alto grado de manejo de algoritmos Disponibilidad de trabajo presencial Beneficios Línea de carrera Capacitaciones EPS al 100% Trabajo bajo planilla Presencial Programación Full-time, Indeterminado Junior 10 vacantes disponibles El contenido de este aviso es propiedad del anunciante. Los requis...","Trainee Programador Jr BUILDING SOFTWARE Alta revisión de perfiles Detalle del empleo La empresa Empleos relacionados Múltiples vacantes Actualizado hace 1 minuto Miraflores, Lima",Remoto,,https://www.bumeran.com.pe/empleos/trainee-programador-jr-building-software-1117968407.html
Desarrollador FullSatck - Enfoque en Frontend,,"Descripción del puesto En FRACTAL, consultora TI peruana con más de 10 años de experiencia en el mercado nacional e internacional, nos encontramos en búsqueda de un(a) Desarrollador Fullstack con experiencia en CMS para colaborar en modalidad híbrida en un proyecto con uno de nuestros clientes nacionales. Requisitos Frontend: Formación universitaria culminada en Ingeniería de Sistemas, Software, Computación e Informática o carreras afines. 2 a 3 años de experiencia en el puesto y desarrollando c...","Enfoque en Frontend FRACTAL SOLUCIONES IT Detalle del empleo La empresa Empleos relacionados Actualizado hace 12 días Lima, Lima",Remoto,,https://www.bumeran.com.pe/empleos/desarrollador-fullsatck-enfoque-en-frontend-fractal-soluciones-it-1117962666.html
.NET Developer- Junior,,"Descripción del puesto Somos Inetum , una compañía de servicios ágiles que proporciona soluciones digitales y un grupo global de tecnólogos que acompaña a sus clientes en el proceso de digitalización aprovechando al máximo el digital flow. Ofrecemos a nuestros clientes una combinación única de proximidad, organización sectorial y soluciones de calidad. Presente en más de 26 países, el Grupo tiene cerca de 27.000 colaboradores y apunta a continuar creciendo. ¡En Inetum acompañamos a nuestros clie...","2 Detalle del empleo La empresa Empleos relacionados Actualizado hace 6 días San Isidro, Lima",Remoto,,https://www.bumeran.com.pe/empleos/.net-developer-junior-inetum-peru-1117970031.html
Analista de Programación,,"Descripción del puesto Somos una Entidad Financiera, con un portafolio de diversos productos; por lo que requerimos incorporar en nuestra planilla Analista de Programación: REQUISITOS: Desarrollo de aplicaciones móviles con tecnología Swift (iOS), UIKit. Conocimientos de UI/UX: Capacidad para diseñar interfaces atractivas y fáciles de usar con figma. Manejo de errores, consumo de componentes de integración APIs. Conocimientos en implementación de backend con .Net (Deseable) Conocimientos en cons...","6 Alta revisión de perfiles Detalle del empleo La empresa Empleos relacionados Actualizado hace 7 horas San Isidro, Lima",Híbrido,,https://www.bumeran.com.pe/empleos/analista-de-programacion-caja-metropolitana-de-lima-1117975863.html
Analista Programador .NET | Visual Basic,,"Descripción del puesto DÉJANOS CONTARTE LO QUE NOS HACE GENUINE Buscamos profesionales que quieran reinventarse cada día, que enfrentarse a los retos vaya en su ADN y que sientan pasión por trabajar con la tecnología. Esto nos hace únicos, diferentes y auténticos. ¿QUÉ ESTAMOS BUSCANDO? Buscamos un Analista programador con sólidos conocimientos en tecnologías .NET, bases de datos y metodologías ágiles, con capacidad para trabajar en proyectos críticos del sector financiero. Funciones: Desarrolla...","0 Alta revisión de perfiles Detalle del empleo La empresa Empleos relacionados Múltiples vacantes Actualizado hace 2 minutos Lima, Lima",Remoto,,https://www.bumeran.com.pe/empleos/analista-programador-.net-|-visual-basic-entelgy-1117975151.html
Desarrollador Genexus,,"Descripción del puesto SOFTWARE ENTERPRISE SERVICES Somos una empresa peruana de Tecnologías de la Información y Comunicaciones, que cuenta con amplia experiencia en la prestación de servicios informáticos mediante Outsourcing TI y Fábrica de Software, para clientes nacionales e internacionales, asegurando la calidad de servicio con sólidos procesos estandarizados en un sistema integrado de gestión. Nos encontramos en la búsqueda del mejor talento para ocupar la siguiente posición: DESARROLLADO...","8 Detalle del empleo La empresa Empleos relacionados Múltiples vacantes Actualizado hace 8 días Cercado De Lima, Lima",Remoto,,https://www.bumeran.com.pe/empleos/desarrollador-genexus-software-enterprise-services-s.a.c.-1117965079.html
ANALISTA PROGRAMADOR SENIOR,,"Descripción del puesto En ADEX, Gremio Empresarial Líder en las Exportaciones Peruanas nos encontramos en la búsqueda de un Analista Programador Senior: Objetivo: Analizar la necesidad de negocio e implementar nuevos sistemas de información, utilizando lenguajes de programación de los sistemas implementados en la organización o tecnologías de información a la vanguardia. Funciones: Analizar los procesos y requerimientos de las áreas para identificar problemáticas que se puedan presentar. Desarro...","6 Detalle del empleo La empresa Empleos relacionados Actualizado ayer San Borja, Lima",Remoto,,https://www.bumeran.com.pe/empleos/analista-programador-senior-adex-1117972522.html
Tech Lead / Líder Técnico Frontend (React + NextJS),,"Descripción del puesto ZUTUN. es una empresa de software boutique con amplia experiencia en banca, seguros, fintech y retail. Nuestro colectivo funciona como un verdadero equipo, valorando la colaboración, la sinergia y el apoyo mutuo entre nuestros miembros, reconociendo que el talento es el núcleo y el equipo es quien juega el partido. Te invitamos a participar de proceso TECH LEAD / LIDER TÉCNICO FRONTEND (REACT + NEXTJS) y ser parte de esta experiencia: RESPONSABILIDADES: Liderar el diseño e...","Detalle del empleo La empresa Empleos relacionados Actualizado hace 8 días Lima, Lima",Remoto,,https://www.bumeran.com.pe/empleos/tech-lead-lider-tecnico-frontend-react-nextjs-zutun.-1117959935.html
"Desarrollador Full Stack Node.js, C#, Java, AngularJS",,"Descripción del puesto Puesto: Desarrollador Full Stack Senior 📍 Modalidad de trabajo: Híbrido 📍 Sede: Surco Requisitos: Educación mínima: Ingeniería de Sistemas, Desarrollo de Software o carreras afines Experiencia: mínimo 5 años en desarrollo de software Conocimientos sólidos en: Bases de datos: PostgreSQL, MySQL, SQL Lenguajes y frameworks: Node.js, C#, Java, AngularJS Arquitectura: Microservicios Competencias valoradas: Capacidad de análisis y resolución de problemas Trabajo en equipo y comu...","Alta revisión de perfiles Detalle del empleo La empresa Empleos relacionados Múltiples vacantes Actualizado hace 4 horas Lima, Lima",Remoto,S/1250,https://www.bumeran.com.pe/empleos/desarrollador-full-stack-node.js-c-java-angularjs-ibr-peru-s.a.-1117967655.html
Desarrollador Backend Jr,,"Descripción del puesto ¿Quieres pertenecer a la startup de servicios financieros (Fintech) más grande del Perú? En Grupo Prestamype estamos en la búsqueda del mejor talento, que colabore directamente con los cofundadores para transformar Prestamype en el primer banco digital para MIPYMEs en el Perú dentro de los próximos tres años. Si te apasiona la innovación, disfrutas trabajar en equipos multidisciplinarios, y quieres generar un impacto real en el país a través de las finanzas y la tecnología...","Desarrollador Backend Jr PRESTAMYPE Detalle del empleo La empresa Empleos relacionados Postulación rápida Publicado hace más de 15 días Miraflores, Lima",Remoto,,https://www.bumeran.com.pe/empleos/desarrollador-backend-jr-prestamype-1117957891.html
Analista Programador Java Cloud Senior,,"Descripción del puesto Importante empresa, del sector farmacéutico se encuentra en búsqueda del mejor talento para cubrir la posición: (1) Analista Programador Java Cloud Senior Requisitos: Técnico/Universitario egresado en Ingeniería de Sistemas, Informática o afines. 3 años de experiencia en desarrollo de software con Java 17, Java Script y programación React. Experiencia en angular y node js. De 1 a 3 años de experiencia en arquitectura de microservicios. Conocimiento avanzado de Base de Dato...","Analista Programador Java Cloud Senior Green Solutions Detalle del empleo La empresa Empleos relacionados Actualizado hace 4 días Lima, Lima",Remoto,S/4000,https://www.bumeran.com.pe/empleos/analista-programador-java-cloud-senior-green-solutions-1117971404.html
Desarrollador de integración OSB,,"Descripción del puesto ¡Sé parte de Stefanini!​ En Stefanini somos más de 30.000 genios, conectados desde 41 países, haciendo lo que les apasiona y co-creando un futuro mejor.​ Responsabilidades y atribuciones: Objetivo del rol: Incorporar un profesional con experiencia en integración de servicios y APIs en entornos Cloud, para apoyar proyectos de modernización, despliegue de aplicaciones y gobierno de APIs. Responsabilidades principales Diseñar, exponer y consumir APIs seguras y escalables. Imp...","6 Detalle del empleo La empresa Empleos relacionados Múltiples vacantes Nuevo Publicado hace 16 minutos Lima, Lima",Remoto,,https://www.bumeran.com.pe/empleos/desarrollador-de-integracion-osb-stefanini-peru-s.a-1117978939.html
ANALISTA DE PROGRAMADOR,,"Descripción del puesto ¡Buscamos un Analista Programador innovador y resolutivo! Si disfrutas transformar ideas en soluciones tecnológicas eficientes, crear aplicaciones robustas y garantizar que cada sistema funcione de manera óptima, esta es tu oportunidad. Únete a nuestro equipo para diseñar, desarrollar y mantener plataformas digitales que impacten directamente en la experiencia de nuestros usuarios y en la modernización de nuestra institución. Tu talento será clave para integrar front end y...","0 Detalle del empleo La empresa Empleos relacionados Actualizado ayer Jesús María, Lima",Híbrido,,https://www.bumeran.com.pe/empleos/analista-de-programador-derrama-magisterial-1117974631.html
Desarrollador Full Stack Senior – Ecommerce (Magento),,"Descripción del puesto Buscamos un Desarrollador Full Stack Senior con experiencia en Magento que garantice la operación, evolución y optimización de nuestro ecommerce. Será un socio técnico clave entre el equipo interno y la agencia, responsable de implementar y ajustar soluciones que aseguren un portal ágil, seguro y confiable, fortaleciendo la experiencia de compra y la presencia online de nuestras marcas. Funciones: Monitorear y garantizar el funcionamiento continuo del portal, previniendo c...","Perfumerias Unidas Alta revisión de perfiles Detalle del empleo La empresa Empleos relacionados Actualizado hace 1 minuto Magdalena del Mar, Lima",Remoto,,https://www.bumeran.com.pe/empleos/desarrollador-full-stack-senior--ecommerce-magento-perfumerias-unidas-1117965886.html
Analista Programador Postgre/Oracle/Híbrido,,"Descripción del puesto Por encargo de nuestro cliente, importante empresa líder en finanzas, nos encontramos encuentra en búsqueda de: (1) Analista Programador Postgre/Oracle Requisitos Universitario de Ingeniería de Sistemas, Informática, o afines Experiencia de 3 años en puestos similares como mínimo Experiencia realizando labores de Analista de Sistemas Desarrollador Oracle (PL/SQL) nivel avanzado, store procedures, funciones, packages Desarrollador BD PostgreSQL nivel avanzado Experiencia re...","Híbrido Green Solutions Detalle del empleo La empresa Empleos relacionados Actualizado hace 6 días San Borja, Lima",Remoto,,https://www.bumeran.com.pe/empleos/analista-programador-postgre-oracle-hibrido-green-solutions-1117970409.html
Programador Python Junior,,"Descripción del puesto CSTI Corp es una empresa peruana líder en la industria TI con más de 17 años en el mercado en países como Perú, Ecuador, Colombia, Costa Rica y Estados Unidos. Ofrecemos soluciones de negocios en las líneas de Outsourcing, Licenciamientos SAP y Microsoft, soporte y mejora de aplicaciones, así como implementación y migración de sistemas bajo estrategias Cloud, aprovechando su alianza con marcas como Amazon, Azure, Huawei Cloud y Google Cloud. Estamos en busqueda de un Progr...","7 Detalle del empleo La empresa Empleos relacionados Actualizado hace 6 días Lima, Lima",Remoto,,https://www.bumeran.com.pe/empleos/programador-python-junior-csti-corp-1117970174.html
Desarrollador full stack .Net,,"Descripción del puesto Buscamos un(a) Desarrollador(a) Full-Stack con experiencia en tecnologías modernas de desarrollo Front-End y Back-End. La persona ideal será capaz de analizar requerimientos, estimar esfuerzos, desarrollar soluciones escalables y mantener sistemas robustos en arquitecturas de microservicios y APIs Restful. Ubicación: Lima Modalidad: Tiempo completo 🔹 Requisitos: 4 años de experiencia como programador o desarrollador de software. Dominio avanzado de: .Net Nivel intermedio e...","Detalle del empleo La empresa Empleos relacionados Múltiples vacantes Actualizado hace 5 días Lima, Lima",Remoto,S/1250,https://www.bumeran.com.pe/empleos/desarrollador-full-stack-.net-ibr-peru-s.a.-1117964229.html
Analista Programador / Sector Educativo,,"Descripción del puesto En inLearning Escuelas de Educación superior, plataforma educativa del grupo Intercorp, conformada por Idat, Zegel, la Escuela de Arte Corriente Alterna e Innova Teaching School, empresas que promueven la equidad de género, igualdad e inclusión, nos encontramos en la búsqueda de un(a) Analista Programador Jr. Propósito: Analizar, desarrollar y brindar soporte informático para el sistema educativo de la empresa. Funciones: Análisis y desarrollo de nuevos requerimientos del ...","6 Detalle del empleo La empresa Empleos relacionados Publicado hace 5 días Cercado De Lima, Lima",Remoto,,https://www.bumeran.com.pe/empleos/analista-programador-sector-educativo-inlearning-escuelas-de-educacion-superior-1117973244.html
Desarrollador FullStack (Lenguaje Go y React Native),,"Descripción del puesto SOFTWARE ENTERPRISE SERVICES Somos una empresa peruana de Tecnologías de la Información y Comunicaciones, que cuenta con amplia experiencia en la prestación de servicios informáticos mediante Outsourcing TI y Fábrica de Software, para clientes nacionales e internacionales, asegurando la calidad de servicio con sólidos procesos estandarizados en un sistema integrado de gestión. Nos encontramos en la búsqueda del mejor talento para ocupar la siguiente posición Desarrollador ...","8 Alta revisión de perfiles Detalle del empleo La empresa Empleos relacionados Múltiples vacantes Actualizado hace 24 minutos Lima, Lima",Remoto,,https://www.bumeran.com.pe/empleos/desarrollador-fullstack-lenguaje-go-y-react-native-software-enterprise-services-s.a.c.-1117949402.html
Analista programador,,"Descripción del puesto La Universidad de San Martin de Porres te invita a participar en la selección de un analista programador: Requisitos: Titulado o Bachiller de la carrera profesional de Ingeniería de Computación y Sistemas. Office nivel avanzado. Programas requeridos : Asp .NET PHP Wordpress SQL Server SCRUM y/o otros lenguajes de programación Funciones Específicas : Analizar, diseñar, desarrollar e implementar sistemas de información según las necesidades del Centro. Desarrollar aplicacion...","6 Detalle del empleo La empresa Empleos relacionados Postulación rápida Actualizado hace 4 días Jesús María, Lima",Híbrido,"S/ 2,200",https://www.bumeran.com.pe/empleos/analista-programador-universidad-de-san-martin-de-porres-1117963157.html
Programador en Oracle Developer,,"Descripción del puesto Somos líderes en perforación minera y geotécnica en el Perú, con más de 45 años de experiencia acompañando a los grandes proyectos del país. Nuestro motor es la innovación, la seguridad y el compromiso con el medio ambiente , porque sabemos que cada perforación abre también nuevas oportunidades de desarrollo sostenible. Formar parte de nosotros significa integrarse a un equipo apasionado, que valora el talento, impulsa el crecimiento profesional y cree en el poder del trab...","0 Detalle del empleo La empresa Empleos relacionados Postulación rápida Publicado hace 5 días Lima, Lima",Remoto,,https://www.bumeran.com.pe/empleos/programador-en-oracle-developer-clbs-1117972036.html
Desarrollador Full Stack (Java / AWS / React Native),,"Descripción del puesto SOFTWARE ENTERPRISE SERVICES Somos una empresa peruana de Tecnologías de la Información y Comunicaciones, que cuenta con amplia experiencia en la prestación de servicios informáticos mediante Outsourcing TI y Fábrica de Software, para clientes nacionales e internacionales, asegurando la calidad de servicio con sólidos procesos estandarizados en un sistema integrado de gestión. Nos encontramos en la búsqueda del mejor talento para ocupar la siguiente posición Desarrollador ...","8 Detalle del empleo La empresa Empleos relacionados Múltiples vacantes Publicado hace 4 días Cercado De Lima, Lima",Remoto,,https://www.bumeran.com.pe/empleos/desarrollador-full-stack-java-aws-react-native-software-enterprise-services-s.a.c.-1117974521.html
Auditor en Tasador de Joyas,,"Descripción del puesto Somos una importante Entidad Financiera líder en el producto pignoraticio y microfinanzas, con un portafolio de diversos productos; y actualmente en crecimiento, por lo que requerimos incorporar a la compañía 01 Auditor en Tasador de Joyas que cumplan con el siguiente perfil: REQUISITOS: Profesional con estudios en Administración, Contabilidad, Ingeniería Industrial, Economía, otros. Experiencia 4 años en tasación de joyas en Instituciones financieras. Cursos y certificaci...","6 Detalle del empleo La empresa Empleos relacionados Nuevo Publicado hace 6 horas San Isidro, Lima",Remoto,,https://www.bumeran.com.pe/empleos/auditor-en-tasador-de-joyas-caja-metropolitana-de-lima-1117977845.html
Desarrollador Backend NodeJS / AWS,,"Descripción del puesto Somos una empresa líder global de tecnología y consultoría digital que conecta personas, tecnología y negocios para generar crecimiento, transformación e impacto positivo y sostenible. Buscamos un Desarrolladores Backend NodeJS / AWS con ganas de trabajar en nuestros equipos multidisciplinares. Requisitos: Experiencia minima de 3 años a más como Backend. Experiencia minima de 3 años en Nodejs. Experiencia minima de 2 años en AWS con Lambda, CloudWatch, API Gateway, etc. Co...","9 Alta revisión de perfiles Detalle del empleo La empresa Empleos relacionados Múltiples vacantes Actualizado hace 7 horas San Isidro, Lima",Remoto,,https://www.bumeran.com.pe/empleos/desarrollador-backend-nodejs-aws-indra-peru-1117974651.html
Desarrollador Web (Marketing) - Sector Laboratorio,,"Descripción del puesto En Experis Perú buscamos al mejor talento para sumarse a los desafíos de la era digital y llevar su carrera a un siguiente nivel. Por ello, te invitamos a que formes parte del reto como Desarrollador Web (Marketing) en el rubro Laboratorios en la ciudad de Lima. Desarrollador Web (Marketing) – Sector Laboratorios Requisitos para postular al cargo: Técnico/Bachiller o Titulado en Ciencias de la Computación, Ingeniería Informática o carrera afín Conocimiento de lenguajes de ...","Sector Laboratorio EXPERIS PERU Detalle del empleo La empresa Empleos relacionados Actualizado hace 13 días Ate, Lima",Remoto,,https://www.bumeran.com.pe/empleos/desarrollador-web-marketing-sector-laboratorio-experis-peru-1117959454.html
Desarrollador Backend Java,,"Descripción del puesto Actualmente nos encontramos en búsqueda de 03 Desarrolladores Backend Java para que se integren a nuestro equipo. Requisitos Profesional en Ingeniería de Sistemas, Computación, Informática o carreras afines. Experiencia mínima de 3 años en desarrollo con entorno Java Experiencia desarrollo de aplicaciones backend con Java 8, 11 o 17. Conocimientos sólidos en Spring Boot y otros frameworks del ecosistema Spring. Experiencia en diseño y desarrollo de microservicios aplicando...","2 Detalle del empleo La empresa Empleos relacionados Múltiples vacantes Actualizado hace 2 días La Molina, Lima",Remoto,,https://www.bumeran.com.pe/empleos/desarrollador-backend-java-inetum-peru-1117961759.html
Frontend Developer (REACT/JS/TS),,"Descripción del puesto ZUTUN. es una empresa de software boutique con amplia experiencia en banca, seguros, fintech y retail. Nuestro colectivo funciona como un verdadero equipo, valorando la colaboración, la sinergia y el apoyo mutuo entre nuestros miembros, reconociendo que el talento es el núcleo y el equipo es quien juega el partido. Te invitamos a participar de proceso FRONTEND DEVELOPER REACT y ser parte de esta experiencia: REQUISITOS: Experiencia mínima de 3 años en JavaScript y 2 años e...","Detalle del empleo La empresa Empleos relacionados Actualizado ayer Pueblo Libre, Lima",Remoto,,https://www.bumeran.com.pe/empleos/frontend-developer-react-js-ts-zutun.-1117969630.html
Analista Desarrollador Java,,"Descripción del puesto En Experis Perú , nos encontramos en la búsqueda del mejor talento para sumarse a los desafíos de la transformación digital para importante empresa dedicada a la Administración de Fondos Colectivos. Por ello, te invitamos a formar parte del reto como: Analista Desarrollador Java Requisitos para el puesto: Experiencia mínima 2 años en Oracle PL/SQL(indispensable) Experiencia 3 años en Java(JSP). Conocimiento de Html, Java Script, Jquery, Css, IDE Netbeans, Bootstrap - Indis...","8 Detalle del empleo La empresa Empleos relacionados Actualizado ayer La Victoria, Lima",Remoto,,https://www.bumeran.com.pe/empleos/analista-desarrollador-java-manpowergroup-peru-1117974662.html
Analista Programador Java,,"Descripción del puesto G&S Gestión y Sistemas es una empresa que brinda soluciones de negocios basado en TI. Somos líder en nuestro sector y reconocidos por Microsoft como Mejor Partner LATAM. Nos encontramos en búsqueda de un Analista Programador Java con el siguiente perfil: Requisitos: Universitario bachiller de las carreras de Ingenieria de sistemas, infórmatica o afines. (Indispensable) De 5 a más años de experiencia sólida y conocimientos en desarrollo con Java SE/EE, Spring Boot, Hibernat...","S GESTION Y SISTEMAS SAC Detalle del empleo La empresa Empleos relacionados Publicado hace más de 15 días Miraflores, Lima",Remoto,,https://www.bumeran.com.pe/empleos/analista-programador-java-gs-gestion-y-sistemas-sac-1117958329.html
ANALISTA PROGRAMADOR JAVA,,"Descripción del puesto En Valtx , empresa con 24 años de experiencia en el mercado peruano, cuyo objetivo principal es convertirse en un socio estratégico, mediante soluciones tecnológicas en los diversos aspectos de los procesos de negocios; el desarrollo, implementación y mantenimiento de aplicaciones e infraestructura tecnológica para el negocio; y consultoría en diversos procesos de transformación, nos encontramos en la búsqueda de un ANALISTA PROGRAMADOR JAVA Principales funciones o activid...","ANALISTA PROGRAMADOR JAVA Valtx Detalle del empleo La empresa Empleos relacionados Múltiples vacantes Actualizado hace 5 días San Borja, Lima",Remoto,,https://www.bumeran.com.pe/empleos/analista-programador-java-valtx-1117962716.html
Analista Desarrollador Full -Stack,,"Descripción del puesto REQUISITOS: Profesional de las carreras de Ingeniería de Sistemas, Industrial o carreras afines. Experiencia mínima: 2 años como desarrollador Fullstack, manejando base de datos SQL Server, aplicaciones en .NET Framework, NetCore, Api Rest Full. Experiencia MVC Asp.net, WinForms. Experiencia mínima 2 años de computación en la nube bajo plataforma Amazon AWS Manejo avanzado de SQL Server, experiencia en BD postgres DESEABLE: Conocimientos de algún software de manejo de vers...","3 Detalle del empleo La empresa Empleos relacionados Publicado ayer Lima, Lima",Remoto,,https://www.bumeran.com.pe/empleos/analista-desarrollador-full-stack-gruporpp-s.a.c.-1117968336.html
Programador BMS,,"Descripción del puesto More digital. More human. More Minsait. Somos una empresa líder global de tecnología y consultoría digital que conecta personas, tecnología y negocios para generar crecimiento, transformación e impacto positivo y sostenible. Buscamos Programador BMS con ganas de trabajar en nuestros equipos multidisciplinares. ¿Qué esperamos por tu parte? Experiencia mínima de 2 años en sistemas SCADA y/o BMS para control y monitorización de sistemas electromecánicos. Conocimientos en rede...","9 Detalle del empleo La empresa Empleos relacionados Múltiples vacantes Actualizado ayer Lima, Lima",Remoto,,https://www.bumeran.com.pe/empleos/programador-bms-indra-peru-1117973363.html
Desarrollador Frontend Senior- REMOTO,,"Descripción del puesto Ofrece soluciones de negocios en las líneas de Outsourcing, Licenciamientos SAP y Microsoft, soporte y mejora de aplicaciones, así como implementación y migración de sistemas bajo estrategias Cloud, aprovechando su alianza con marcas como Amazon, Azure, Huawei Cloud y Google Cloud. Nos encontramos en la búsqueda de ""Desarrollador Frontend Web Senior"" Requisitos : Mínimo 5 años de experiencia en Desarrollador front end. Experiencia sólida en React. Conocimiento avanzado de ...","7 Detalle del empleo La empresa Empleos relacionados Actualizado hace 11 días Lima, Lima",Remoto,,https://www.bumeran.com.pe/empleos/desarrollador-frontend-senior-remoto-csti-corp-1117962091.html
Software Engineer Senior,,"Descripción del puesto Centro, empresa de Tecnología, perteneciente al Grupo Gloria, como parte de su plan de crecimiento, se encuentra en la búsqueda de los mejores talentos para ocupar la posición de: Software Engineer Senior Misión: Responsable del desarrollo, mantenimiento y soporte a Aplicaciones Web & Mobile tanto a nivel de BackEnd y FrontEnd. Analisis técnico, sinergias con seguridad de la información, Arquitectura e infraestructura y elaborar propuesta de como desarrollar soluciones dig...","3 Alta revisión de perfiles Detalle del empleo La empresa Empleos relacionados Actualizado hace 2 horas La Victoria, Lima",Remoto,,https://www.bumeran.com.pe/empleos/software-engineer-senior-grupo-gloria-1117976663.html
Fullstack Developer Senior (.NET/Angular),,"Descripción del puesto ZUTUN. es una empresa de software boutique con amplia experiencia en banca, seguros, fintech y retail. Nuestro colectivo funciona como un verdadero equipo, valorando la colaboración, la sinergia y el apoyo mutuo entre nuestros miembros, reconociendo que el talento es el núcleo y el equipo es quien juega el partido. Te invitamos a participar de proceso SR. FULLSTACK DEVELOPER y ser parte de esta experiencia: RESPONSABILIDADES: Diseñar, desarrollar y mantener aplicaciones we...","Detalle del empleo La empresa Empleos relacionados Actualizado hace 4 días Surco, Lima",Remoto,,https://www.bumeran.com.pe/empleos/fullstack-developer-senior-.net-angular-zutun.-1117971550.html
Frontend Developer - Angular,,"Descripción del puesto En Experis Perú buscamos al mejor talento para sumarse a los desafíos de la era digital y llevar su carrera a un siguiente nivel. Por ello, te invitamos a que formes parte del reto como FRONTEND DEVELOPER en el rubro Farmacéutico: FRONTEND DEVELOPER Requisitos para postular al cargo: Profesional de las carreras de Ingeniería de sistemas, informática o afines. Experiencia mayor a 4 años en Angular 13+ Experiencia en Estructura Documento HTML (DOM), Integración de pasarelas ...","Angular EXPERIS PERÚ Detalle del empleo La empresa Empleos relacionados Actualizado hace 12 días Lima, Lima",Remoto,,https://www.bumeran.com.pe/empleos/frontend-developer-angular-experis-peru-1117962336.html
Programador de Inteligencia Artificial,,"Descripción del puesto Analista de Desarrollo de Inteligencia Artificial Resumen Estamos buscando un Analista de Desarrollo de Inteligencia Artificial para unirse a nuestro equipo. El objetivo principal de la posición es el desarrollo de soluciones basadas en Inteligencia Artificial, el diseño y la ejecución de automatizaciones e integraciones mediante el consumo de APIs REST, Webhooks y estructuras JSON. Además, se espera la construcción de herramientas internas que permitan escalar procesos y ...","Programador de Inteligencia Artificial Growth Digital Lab Detalle del empleo La empresa Empleos relacionados Actualizado hace 3 días Lima, Lima",Remoto,,https://www.bumeran.com.pe/empleos/programador-de-inteligencia-artificial-growth-digital-lab-1117968752.html
Programador de Sistemas,,"Descripción del puesto Impresiones Plásticas SAC, empresa peruana con amplia experiencia en la fabricación de empaques flexibles para el sector industrial y comercial, se encuentra en búsqueda de un Programador de Sistemas para fortalecer el área de tecnología y gestión de información. Modalidad: Tiempo completo - Presencial Lugar de trabajo: Cercado de Lima Funciones principales: - Desarrollar y mantener aplicaciones internas (ERP, control de producción, RRHH, entre otros). - Administrar bases ...","Programador de Sistemas IMPRESIONES PLASTICAS SAC Detalle del empleo La empresa Empleos relacionados Actualizado hace 8 días Cercado De Lima, Lima",Híbrido,,https://www.bumeran.com.pe/empleos/programador-de-sistemas-impresiones-plasticas-sac-1117952999.html
Analista Programador JAVA,,"Descripción del puesto 💡 DÉJANOS CONTARTE LO QUE NOS HACE GENUINE 💙 Buscamos profesionales que quieran reinventarse cada día 🔄, que lleven los retos en el ADN 🧬 y que sientan una pasión genuina por la tecnología 💻✨. Eso es lo que nos hace únicos, auténticos y diferentes 🚀. ¿QUÉ ESTAMOS BUSCANDO? Estamos en la búsqueda de un Desarrollador Java especializado en el sector financiero para desarrollar y mantener aplicaciones críticas bancarias. Funciones: Desarrollar microservicios en Java 8/11/17/21...","0 Alta revisión de perfiles Detalle del empleo La empresa Empleos relacionados Múltiples vacantes Actualizado hace 2 horas Lima, Lima",Remoto,,https://www.bumeran.com.pe/empleos/analista-programador-java-entelgy-1117975157.html
Desarrollador FrontEnd Senior,,"Descripción del puesto Somos Fractal Soluciones TI , una empresa peruana de consultoría en Gestión de Tecnología de la Información con más de 11 años en el mercado y con más de 70 clientes que confían en nosotros. Nos encontramos en búsqueda de un talento Desarrollador Frontend Senior para colaborar en modalidad híbrida con nuestro cliente del sector bancario en un proyecto de 3 meses con posibilidad de extensión. Requisitos: +4 años de experiencia en desarrollo Front End. Experiencia sólida en ...","Desarrollador FrontEnd Senior FRACTAL SOLUCIONES IT Alta revisión de perfiles Detalle del empleo La empresa Empleos relacionados Actualizado hace 7 horas San Isidro, Lima",Remoto,,https://www.bumeran.com.pe/empleos/desarrollador-frontend-senior-fractal-soluciones-it-1117974205.html
Programador ABAP / Preencial,,"Descripción del puesto En Experis Perú buscamos al mejor talento para sumarse a los desafíos de la era digital y llevar su carrera a un siguiente nivel. Por ello, te invitamos a que formes parte del reto como Programador ABAP para el sector de consumo masivo para la ciudad del Callao. Requisitos: Profesional de ingeniería de sistemas o afines. Experiencia de 3 años con: Programación ABAP Experiencia con SAP ERP y/o SAP Hana Certificado en ABAP o BTP Funciones Desarrollar y mantener aplicaciones ...","Preencial EXPERIS PERÚ Detalle del empleo La empresa Empleos relacionados Actualizado hace 7 días Callao, Lima",Remoto,,https://www.bumeran.com.pe/empleos/programador-abap-preencial-experis-peru-1117966739.html
ANALISTA PROGRAMADOR PHP,,"Descripción del puesto Somos Canvia ¡Una empresa que innova y reinventa! ¡Buscamos a una Analista Programador PHP con ADN de innovación! Top de razones para trabajar con nosotros CANVIA es una de las empresas más grandes del sector IT en el Perú y nuestro propósito es hacer más fácil la vida de las personas, innovando e implementando proyectos de transformación digital en múltiples industrias. Nos mueve la reinvención, hacer las cosas diferentes a través de buenas ideas, cuestionar el statu quo....","5 Alta revisión de perfiles Detalle del empleo La empresa Empleos relacionados Múltiples vacantes Actualizado hace 6 horas Lima, Lima",Híbrido,,https://www.bumeran.com.pe/empleos/analista-programador-php-canvia-1117976775.html
Desarrollador Frontend React - Por Proyecto,,"Descripción del puesto En Indra seguimos creciendo y buscamos Desarroladores Frontend React.js para formar parte de nuestro equipo. Si eres un apasionado de la tecnología, tienes experiencia en plataformas de datos y quieres formar parte de una empresa global en constante innovación, ¡este es tu lugar! 🎯 Requisitos técnicos: Profesional universitario o técnico de Ingeniería de Sistemas, Informática o carreras afines. Experiencia de 3 años a más con React Js (indispensable). Experiencia en prepro...","9 Detalle del empleo La empresa Empleos relacionados Múltiples vacantes Actualizado hace 4 días San Isidro, Lima",Remoto,,https://www.bumeran.com.pe/empleos/desarrollador-frontend-react-por-proyecto-indra-peru-1117965904.html
Desarrollador Backend,,"Descripción del puesto More digital. More human. More Minsait. Somos una empresa líder global de tecnología y consultoría digital que conecta personas, tecnología y negocios para generar crecimiento, transformación e impacto positivo y sostenible. Buscamos Desarrollador Backend Pleno con ganas de trabajar en nuestros equipos multidisciplinares. ¿Cuál es el reto que te proponemos? Estarás en contacto continuo con las novedades tecnológicas, impulsando la transformación digital. Participarás en pr...","9 Detalle del empleo La empresa Empleos relacionados Múltiples vacantes Publicado hace 8 días Lima, Lima",Remoto,,https://www.bumeran.com.pe/empleos/desarrollador-backend-indra-peru-1117968754.html
Analista Programador - Sede ATE,,"Descripción del puesto ¡Buscamos a nuestro próximo/a Analista Programador! ¿Te apasiona el desarrollo web y quieres crecer en un equipo innovador? ¡Esta oportunidad es para ti! ✅ Lo que harás: · Analizar, diseñar e implementar aplicaciones web alineadas a las necesidades del negocio. · Documentar de forma clara las soluciones implementadas. · Trabajar en equipo con otros programadores para desplegar y respaldar código. · Detectar y resolver errores en aplicaciones existentes. · Aportar ideas a i...","5 Detalle del empleo La empresa Empleos relacionados Publicado hace 7 días Ate, Lima",Presencial,S/1500,https://www.bumeran.com.pe/empleos/analista-programador-sede-ate-bumeran-selecta-1117969140.html
Practicante de Digitalización,,"Descripción del puesto ¡Hola a todos! En REPSOL, estamos buscando entusiastas e innovadores Practicantes de Digitalización para unirse a nuestro equipo. ¡Únete a nosotros y ayuda a dar forma al futuro de la energía! REQUISITOS Estudiante de últimos ciclos de las carreras de Ing. Sistemas, Ing. Industrial o afines Manejo de herramientas de automatización y/o programación Power BI a nivel intermedio. Paquete de office a nivel intermedio. Idioma de ingles a nivel intermedio. FUNCIONES Apoyo en el l...","8 Detalle del empleo La empresa Empleos relacionados Actualizado hace 6 días San Isidro, Lima",Remoto,,https://www.bumeran.com.pe/empleos/practicante-de-digitalizacion-repsol-1117960947.html
Analista programador Fullstack,,"Descripción del puesto Requisitos - Conocimientos en desarrollo de soluciones con , / Angular - Conocimientos en diseño, consultas y programación en bases de datos (MySQL, PostgreSQL). - Conocimientos en desarrollo en Python - Experiencia en documentación funcional / técnica de sistemas. - Mantenimiento de versiones del software - Asegurar que el código sea en adecuado por medio de las pruebas unitarias. - Participar activamente con los usuarios y pares en la solución de iniciativas. Presencial ...","Analista programador Fullstack ISP Consulting Detalle del empleo La empresa Empleos relacionados Actualizado hace 6 días San Isidro, Lima",Híbrido,,https://www.bumeran.com.pe/empleos/analista-programador-fullstack-isp-consulting-1117960954.html
ANALISTA PROGRAMADOR Java - Microservicios,,"Descripción del puesto Somos Canvia ¡Una empresa que innova y reinventa! ¡Buscamos a un Programador Java con ADN de innovación! Top de razones para trabajar con nosotros: CANVIA es una de las empresas más grandes del sector IT en el Perú y nuestro propósito es hacer más fácil la vida de las personas, innovando e implementando proyectos de transformación digital en múltiples industrias. Nos mueve la reinvención, hacer las cosas diferentes a través de buenas ideas, cuestionar el statu quo. Años de...","5 Detalle del empleo La empresa Empleos relacionados Múltiples vacantes Actualizado hace 13 días Cercado De Lima, Lima",Híbrido,,https://www.bumeran.com.pe/empleos/analista-programador-java-microservicios-canvia-1117960644.html
Programador Java senior - Semipresencial,,"Descripción del puesto En Experis Perú buscamos al mejor talento para sumarse a los desafíos de la era digital y llevar su carrera a un siguiente nivel. Por ello, te invitamos a que formes parte del reto como Analista Programador Java en el rubro bancario en la ciudad de La Molina, Perú. Requisitos para postular al cargo: Técnico o egresado universitario de sistemas, computación o carreras afines. Experiencia mayor a 2 años en programación en Java Experiencia en manejo de Spring, Spring Boot y A...","8 Detalle del empleo La empresa Empleos relacionados Actualizado hace 5 días La Molina, Lima",Remoto,,https://www.bumeran.com.pe/empleos/programador-java-senior-semipresencial-manpowergroup-peru-1117958222.html
Desarrollador Backend,,"Descripción del puesto En Experis Perú buscamos al mejor talento para sumarse a los desafíos de la era digital y llevar su carrera a un siguiente nivel. Por ello, te invitamos a que formes parte del reto como Analista de Software de Integración y Soluciones Digitales para una importante empresa del sector. Funciones: Desarrollar, implementar y dar soporte a las aplicaciones o sistemas asignados a su cargo. Contribuir con la labor de soporte de terceros proveedores de sistemas a cargo del área. C...","8 Detalle del empleo La empresa Empleos relacionados Actualizado ayer Miraflores, Lima",Híbrido,,https://www.bumeran.com.pe/empleos/desarrollador-backend-manpowergroup-peru-1117964291.html
Analista Programador .NET,,"Descripción del puesto G&S Gestión y Sistemas es una empresa que brinda soluciones de negocios basado en TI. Somos líder en nuestro sector y reconocidos por Microsoft como el Mejor Partner a nivel LATAM. Nos encontramos en búsqueda de un Analista Programador.Net con el siguiente perfil: Requisitos: Profesionales de las carreras de Ingeniería de Software, Informática, Sistemas o afines. Experiencia de 5 años a más como Desarrollador y/o Analista Programador Dominio de C#, ASP.NET Core, LINQ, Enti...","S GESTION Y SISTEMAS SAC Detalle del empleo La empresa Empleos relacionados Actualizado hace 4 días Miraflores, Lima",Remoto,,https://www.bumeran.com.pe/empleos/analista-programador-.net-gs-gestion-y-sistemas-sac-1117958392.html
Desarrollador Full Stack,,"Descripción del puesto Desarrollador Full Stack Resumen Buscamos un Desarrollador Full Stack con experiencia en el desarrollo de aplicaciones web. El candidato ideal tendrá un sólido conocimiento de lenguajes de programación como PHP, Python, JavaScript, Java, y experiencia con frameworks como Laravel y Además, deberá tener experiencia en el diseño y desarrollo de APIs RESTful y en el manejo de bases de datos como MySQL o PostgreSQL. Responsabilidades Desarrollar y mantener aplicaciones web util...","Desarrollador Full Stack IGTS SAC Detalle del empleo La empresa Empleos relacionados Publicado hace 11 días Antioquia, Lima",Remoto,,https://www.bumeran.com.pe/empleos/desarrollador-full-stack-igts-sac-1117965145.html
TÉCNICO DESARROLLADOR DE SISTEMAS,,"Descripción del puesto Entidad pública se encuentra en la búsqueda de UN(1) TÉCNICO DESARROLLADOR DE SISTEMAS que cumpla con el siguiente perfil: El puesto tiene como misión desarrollar, implementar y mantener los programas informáticos requeridos, de acuerdo a los estándares establecidos para el desarrollo de programas, con la finalidad de atender los requerimientos de las áreas de la entidad. Requisitos: Egresado de carrera técnica superior completa (3 o 4 años) o egresado universitario en com...","TÉCNICO DESARROLLADOR DE SISTEMAS Confidencial Detalle del empleo La empresa Empleos relacionados Publicado hace 5 días Chorrillos, Lima",Remoto,,https://www.bumeran.com.pe/empleos/tecnico-desarrollador-de-sistemas-1117973188.html
Desarrollador .NET Senior,,"Descripción del puesto Somos Fractal Soluciones TI, una empresa peruana de consultoría en Gestión de Tecnología de la Información con más de 11 años en el mercado y con más de 70 clientes que confían en nosotros. Nos encontramos en búsqueda de un talento para el cargo de Desarrollador .NET Senior para colaborar en modalidad remota en un proyecto de periodo inicial de 3 meses con uno de nuestros clientes del sector bancario . Requisitos: Bachiller universitario en Ingeniería Informática o afines ...","NET Senior FRACTAL SOLUCIONES IT Alta revisión de perfiles Detalle del empleo La empresa Empleos relacionados Actualizado hace 1 hora Lima, Lima",Remoto,,https://www.bumeran.com.pe/empleos/desarrollador-.net-senior-fractal-soluciones-it-1117973977.html
Analista Desarrollador Java - Sector Administración de Fondos Colectivos,,"Descripción del puesto En Experis Perú buscamos al mejor talento para sumarse a los desafíos de la era digital y llevar su carrera a un siguiente nivel. Por ello, te invitamos a que formes parte del reto como Analista Desarrollador Java en el rubro Administración de Fondos Colectivos. Analista Desarrollador Java – Administración de Fondos Colectivos Requisitos para postular al cargo: Técnico/Bachiller o Egresado en la carrera de ingeniería de sistemas o afines Conocimiento de Html, Java Script, ...","Sector Administración de Fondos Colectivos EXPERIS PERU Alta revisión de perfiles Detalle del empleo La empresa Empleos relacionados Nuevo Publicado hace 1 hora La Victoria, Lima",Remoto,,https://www.bumeran.com.pe/empleos/analista-desarrollador-java-sector-administracion-de-fondos-colectivos-experis-peru-1117978810.html
Programador BMS - Automizador,,"Descripción del puesto More digital. More human. More Minsait. Somos una empresa líder global de tecnología y consultoría digital que conecta personas, tecnología y negocios para generar crecimiento, transformación e impacto positivo y sostenible. Buscamos Programador BMS con ganas de trabajar en nuestros equipos multidisciplinares. ¿Qué esperamos por tu parte? Experiencia mínima de 2 años en sistemas SCADA y/o BMS para control y monitorización de sistemas electromecánicos. Conocimientos en rede...","9 Detalle del empleo La empresa Empleos relacionados Múltiples vacantes Actualizado ayer Lima, Lima",Remoto,,https://www.bumeran.com.pe/empleos/programador-bms-automizador-indra-peru-1117973373.html
"Programador Full Stack (Java, React)",,"Descripción del puesto En Valtx , empresa con 24 años de experiencia en el mercado peruano, cuyo objetivo principal es convertirse en un socio estratégico, mediante soluciones tecnológicas en los diversos aspectos de los procesos de negocios; el desarrollo, implementación y mantenimiento de aplicaciones e infraestructura tecnológica para el negocio; y consultoría en diversos procesos de transformación, nos encontramos en la búsqueda de un Programador Full Stack Desarrollar aplicaciones web y mob...","Valtx Alta revisión de perfiles Detalle del empleo La empresa Empleos relacionados Múltiples vacantes Nuevo Publicado hace 8 horas San Borja, Lima",Remoto,,https://www.bumeran.com.pe/empleos/programador-full-stack-java-react-valtx-1117977502.html
Backend Developer Senior - CULQI,,"Descripción del puesto ¡Nos encontramos en búsqueda de un BACKEND DEVELOPER SENIOR para el equipo Culqi! Culqi es una fintech líder que pertenece al grupo Credicorp, que está revolucionando los pagos digitales en Latinoamérica con soluciones tecnológicas innovadoras y seguras. Misión del puesto: El Developer Backend Senior es responsable de desarrollar y optimizar soluciones escalables y seguras en Node.js, aprovechando AWS y arquitecturas orientadas a eventos para garantizar sistemas eficientes...","CULQI Talent2Win Detalle del empleo La empresa Empleos relacionados Múltiples vacantes Actualizado hace 5 días San Isidro, Lima",Remoto,,https://www.bumeran.com.pe/empleos/backend-developer-senior-culqi-talent2win-1117963319.html
Programador Full Stack c/ exp en IA,,"Descripción del puesto En Valtx , empresa con 24 años de experiencia en el mercado peruano, cuyo objetivo principal es convertirse en un socio estratégico, mediante soluciones tecnológicas en los diversos aspectos de los procesos de negocios; el desarrollo, implementación y mantenimiento de aplicaciones e infraestructura tecnológica para el negocio; y consultoría en diversos procesos de transformación, nos encontramos en la búsqueda de un Programador Full Stack Desarrollar aplicaciones web y mob...","exp en IA Valtx Alta revisión de perfiles Detalle del empleo La empresa Empleos relacionados Actualizado hace 8 horas San Borja, Lima",Remoto,,https://www.bumeran.com.pe/empleos/programador-full-stack-c-exp-en-ia-valtx-1117973381.html
Practicante Profesional Desarrollador PL/SQL,,Descripción del puesto ¿Estás buscando iniciar tu carrera como Practicante Profesional Desarrollador PL/SQL en un proyecto retador y con gran proyección de crecimiento? ¡Esta es tu oportunidad! 🙌 Requisitos clave: Egresados de Ing. de Sistemas o afines. Conocimientos en PL/SQL y Oracle . Experiencia previa en proyectos académicos o prácticas relacionadas. Conocimientos básicos en Java (Spring) [deseable]. Conocimientos básicos en AngularJS [deseable]. Interés en aprender y aportar en procesos de...,"9 Detalle del empleo La empresa Empleos relacionados Múltiples vacantes Actualizado hace 5 días Lima, Lima",Remoto,,https://www.bumeran.com.pe/empleos/practicante-profesional-desarrollador-pl-sql-indra-peru-1117941356.html
Programador BMS,,"Descripción del puesto More digital. More human. More Minsait. Somos una empresa líder global de tecnología y consultoría digital que conecta personas, tecnología y negocios para generar crecimiento, transformación e impacto positivo y sostenible. Buscamos Programador BMS con ganas de trabajar en nuestros equipos multidisciplinares. ¿Qué esperamos por tu parte? Experiencia mínima de 2 años en sistemas SCADA y/o BMS para control y monitorización de sistemas electromecánicos. Conocimientos en rede...","9 Detalle del empleo La empresa Empleos relacionados Múltiples vacantes Actualizado ayer Lima, Lima",Remoto,,https://www.bumeran.com.pe/empleos/programador-bms-indra-peru-1117974062.html
Programador BMS o SCADA,,"Descripción del puesto More digital. More human. More Minsait. Somos una empresa líder global de tecnología y consultoría digital que conecta personas, tecnología y negocios para generar crecimiento, transformación e impacto positivo y sostenible. Buscamos Programador BMS con ganas de trabajar en nuestros equipos multidisciplinares. ¿Qué esperamos por tu parte? Experiencia mínima de 2 años en sistemas SCADA y/o BMS para control y monitorización de sistemas electromecánicos. Conocimientos en rede...","9 Alta revisión de perfiles Detalle del empleo La empresa Empleos relacionados Múltiples vacantes Actualizado hace 7 horas Lima, Lima",Remoto,,https://www.bumeran.com.pe/empleos/programador-bms-o-scada-indra-peru-1117975855.html
Desarrollador Full Stack / Surco / Presencial,,"Descripción del puesto En Well Human Resources , estamos en la búsqueda de un/a Desarrollador/a Web Full Stack , con enfoque en backend, para una importante empresa con operaciones en los sectores de servicios y marketing digital. Requisitos: Estudios Universitarios culminado relacionados al puesto. Experiencia de 2 años en desarrollo web Full Stack , con mayor dominio en backend. Manejo de herramientas para integración de APIs (Postman). Conocimientos o experiencia previa integrando plataformas...","Presencial Well Consulting Services Detalle del empleo La empresa Empleos relacionados Nuevo Publicado hace 3 horas Santiago de Surco, Lima",Remoto,S/200,https://www.bumeran.com.pe/empleos/desarrollador-full-stack-surco-presencial-well-consulting-services-1117978454.html
Soporte Jr y Sr de Plataforma BMC Helix Remedy,,"Descripción del puesto Somos una empresa de Soluciones Digitales y Servicios de TI con 30 años de experiencia en el mercado. Contamos con más de 8 mil colaboradores en Latinoamérica, Estados Unidos y Europa. Te invitamos a ser parte de nuestro equipo ocupando el cargo de: Analista de Soporte Requisitos indispensables: Experiencia en soporte y seguimiento de incidentes y problemas Conocimiento en BMC Helix y herramientas relacionadas Capacidad para colaborar en la resolución y escalado de casos B...","2 Alta revisión de perfiles Detalle del empleo La empresa Empleos relacionados Actualizado hace 7 horas La Victoria, Lima",Remoto,,https://www.bumeran.com.pe/empleos/soporte-jr-y-sr-de-plataforma-bmc-helix-remedy-hitss-peru-1117968539.html
Analista Programador (Java Oracle)- Presencial,,"Descripción del puesto Somos una empresa de Soluciones Digitales y Servicios de TI con 30 años de experiencia en el mercado. Contamos con más de 8 mil colaboradores en Latinoamérica, Estados Unidos y Europa. Te invitamos a ser parte de nuestro equipo ocupando el cargo de: Analista Programador Requisitos: Bachiller o Técnico titulado afines con la informática (Ciencias de la Computación, Sistemas de Información, Ingeniería, entre otros). Experiencia y formación en desarrollo de software, por ejem...","2 Alta revisión de perfiles Detalle del empleo La empresa Empleos relacionados Actualizado hace 2 horas La Victoria, Lima",Remoto,,https://www.bumeran.com.pe/empleos/analista-programador-java-oracle-presencial-hitss-peru-1117963095.html
Desarrollador Fullstack SemiSenior(Java/Angular),,"Descripción del puesto CSTI Corp es una empresa peruana líder en la industria TI con más de 17 años en el mercado en países como Perú, Ecuador, Colombia, Costa Rica y Estados Unidos. Ofrecemos soluciones de negocios en las líneas de Outsourcing, Licenciamientos SAP y Microsoft, soporte y mejora de aplicaciones, así como implementación y migración de sistemas bajo estrategias Cloud, aprovechando su alianza con marcas como Amazon, Azure, Huawei Cloud y Google Cloud. Nos encontramos en la búsqueda ...","7 Detalle del empleo La empresa Empleos relacionados Actualizado hace 8 días Lima, Lima",Remoto,,https://www.bumeran.com.pe/empleos/desarrollador-fullstack-semiseniorjava-angular-csti-corp-1117961713.html
Desarrollador Backend NodeJs Senior,,Descripción del puesto Experiencia de 5 años desarrollando en la especialidad de servicios de Tecnologías de Información y Staff Augmentation con casi una década de operaciones en Perú orientadas a brindar soluciones tecnológicas de primer nivel a importantes corporaciones nacionales y multinacionales. Actualmente nos encontramos en busqueda el un Desarrollador Backend para trabajar con una empresa del sector bancario. ] ¡ Aplica y unete a nuestro equipo ! Requisitos: Experiencia de 5 años desar...,"Desarrollador Backend NodeJs Senior Zoluxiones SAC Alta revisión de perfiles Detalle del empleo La empresa Empleos relacionados Múltiples vacantes Actualizado hace 4 horas Lima, Lima",Remoto,,https://www.bumeran.com.pe/empleos/desarrollador-backend-nodejs-senior-zoluxiones-sac-1117977115.html
Desarrollador .Net / PHP,,"Descripción del puesto More digital. More human. More Minsait. En Minsait , una compañía de Indra , somos líderes globales en tecnología y consultoría digital. Conectamos personas, tecnología y negocios para impulsar el crecimiento, la transformación y un impacto positivo y sostenible. ¡Únete como Desarrollador .NET/PHP! Buscamos profesionales apasionados por la tecnología, con ganas de formar parte de nuestros equipos multidisciplinares y contribuir a proyectos de alto impacto. ¿Qué buscamos? P...","9 Alta revisión de perfiles Detalle del empleo La empresa Empleos relacionados Actualizado hace 8 horas Lima, Lima",Remoto,,https://www.bumeran.com.pe/empleos/desarrollador-.net-php-indra-peru-1117961552.html
Practicante Profesional: Programación PLSQL,,"Descripción del puesto ¿Estás buscando iniciar tu carrera como Practicante Profesional Desarrollador PL/SQL en un proyecto retador y con gran proyección de crecimiento? ¡Esta es tu oportunidad! 🙌 Requisitos clave: Recien egresados de Sistemas, computación o afines. Conocimientos en PL/SQL y Oracle . Experiencia previa en proyectos académicos o prácticas relacionadas. Conocimientos básicos en Java (Spring) [deseable]. Conocimientos básicos en AngularJS [deseable]. Interés en aprender y aportar en...","9 Detalle del empleo La empresa Empleos relacionados Múltiples vacantes Actualizado hace 5 días San Isidro, Lima",Remoto,S/1400,https://www.bumeran.com.pe/empleos/practicante-profesional-programacion-plsql-indra-peru-1117960022.html
Desarrollador(a) - Minería - Lurín,,"Descripción del puesto Somos una empresa subsidiaria de la Corporación Marubeni, fundada en Japón en 1856, es una de las principales corporaciones a nivel mundial que cuenta con presencia efectiva en más de 65 países. En julio del 2011, Marubeni adquiere HCMA y se funda ZAMINE PERU. Desde nuestros inicios somos distribuidores autorizados de HITACHI fabricante de Palas Hidráulicas y Camiones Eléctricos para minería. Asimismo, heredado de HCMA, contamos con experiencia de casi 22 años brindando se...","4 Alta revisión de perfiles Detalle del empleo La empresa Empleos relacionados Actualizado hace 1 hora Lurín, Lima",Remoto,,https://www.bumeran.com.pe/empleos/desarrolladora-mineria-lurin-zamine-peru-1117976772.html
Analista Programador Java / Remoto / Planilla Completa,,"Descripción del puesto Estimados por encargo de nuestro cliente importante empresa del rubro retail, estamos en búsqueda de: (1) Analista Programador Java Requisitos : Carreras universitarias y/o técnicas en Computación e Informática, Sistemas a fines. Con experiencia mínima de 3 años desarrollando. Indispensable experiencia conocimiento en JAVA Swing, SQL y Oracle. Funciones : Analizar, diseñar, desarrollar, probar e implementar las soluciones de software destinadas a atender los requerimientos...","Planilla Completa Green Solutions Detalle del empleo La empresa Empleos relacionados Múltiples vacantes Actualizado ayer Lima, Lima",Remoto,S/4000,https://www.bumeran.com.pe/empleos/analista-programador-java-remoto-planilla-completa-green-solutions-1117971817.html
Desarrollador Fullstack Java,,"Descripción del puesto ¡En Hitss , empresa de tecnología con más de 36 años de experiencia ofreciendo soluciones innovadoras en América Latina, USA y EUROPA, nos encontramos en la búsqueda de nuestro próximo ANALISTA PROGRAMADOR JAVA/ANGULAR ! REQUISITOS: Bachiller o titulado de Ingeniería de Sistemas, Informática, o carreras afines. SKILSS TÉCNICOS: Experiencia de 3+ años en Java 7 o superior usando frameworks Angular versión 8 o superior (intermedio/avanzado). Spring (intermedio/avanzado), Hib...","2 Alta revisión de perfiles Detalle del empleo La empresa Empleos relacionados Múltiples vacantes Actualizado hace 2 horas La Victoria, Lima",Remoto,,https://www.bumeran.com.pe/empleos/desarrollador-fullstack-java-hitss-peru-1117967606.html
Programador Frontend Senior,,"Descripción del puesto Vive la experiencia SONDA ¡Aquí transformas tu carrera! ¿Por qué ser parte de SONDA? Porque al igual que tú, amamos lo que hacemos, tenemos pasión por la innovación y estamos convencidos de que a través del conocimiento y de la tecnología no solo vamos a transformar los negocios de nuestros clientes, sino también el futuro. En SONDA vivirás una experiencia de trabajo con diversas oportunidades de desarrollo personal y profesional. Un excelente lugar para aprender y contrib...","Detalle del empleo La empresa Empleos relacionados Múltiples vacantes Publicado hace 5 días Lima, Lima",Remoto,,https://www.bumeran.com.pe/empleos/programador-frontend-senior-sonda-del-peru-s.a.-1117973000.html
Analista de Imagenes Hospitalarias / Sistemas,,"Descripción del puesto Grupo San Pablo te invita a unirte a su equipo, donde la excelencia, el compromiso y la tecnología de punta se combinan para ofrecer soluciones únicas. Si buscas un entorno dinámico y desafiante. ¡Esta es tu oportunidad de marcar la diferencia en la vida de las personas! Hoy, queremos que seas parte de nuestro grupo. Buscamos un Analista de Imagenes Hospitalarias/ Sistemas para sumarse al Grupo San Pablo y seguir brindando la mejor atención a nuestros pacientes. REQUISITOS...","4 Alta revisión de perfiles Detalle del empleo La empresa Empleos relacionados Publicado ayer Santiago de Surco, Lima",Remoto,,https://www.bumeran.com.pe/empleos/analista-de-imagenes-hospitalarias-sistemas-grupo-san-pablo-1117977289.html
Desarrollador Backend .NET,,"Descripción del puesto More digital. More human. More Minsait. Somos una empresa líder global de tecnología y consultoría digital que conecta personas, tecnología y negocios para generar crecimiento, transformación e impacto positivo y sostenible. Buscamos Desarrollador Backend Pleno .NET con ganas de trabajar en nuestros equipos multidisciplinares. ¿Cuál es el reto que te proponemos? Estarás en contacto continuo con las novedades tecnológicas, impulsando la transformación digital. Participarás ...","9 Detalle del empleo La empresa Empleos relacionados Múltiples vacantes Actualizado hace 4 días Lima, Lima",Remoto,,https://www.bumeran.com.pe/empleos/desarrollador-backend-.net-indra-peru-1117971369.html
